CDC0202015MB,PB-CEPI01,0.00,0.00,0.00,0.00,0.00,0.00,0.00
CDC0202015MB,,0.00,0.00,0.00,0.00,0.00,0.00,0.00
CDC0202015MB,PB-CEPI01,"50,000.00","50,000.00","50,000.00",0.00,0.00,0.00,0.00
CDC0202015MB,PB-CEPI01,0.00,0.00,0.00,0.00,0.00,0.00,0.00
CDC0202015MB,PB-CEPI01,0.00,0.00,0.00,"2,026.85",0.00,"2,026.85",0.00
CDC0202015MB,PB-CEPI01,0.00,0.00,0.00,0.00,990.36,990.36,0.00
CDC0202015MB,,"50,000.00","50,000.00","50,000.00","2,026.85",990.36,"3,017.21","46,982.79"
CDC0303003MB,PB-CPHIA,"430,000.00","430,000.00","430,000.00",0.00,0.00,0.00,0.00
CDC0303003MB,PB-CPHIA,0.00,0.00,0.00,"61,380.00","268,579.52","329,959.52",0.00
CDC0303003MB,,"430,000.00","430,000.00","430,000.00","61,380.00","268,579.52","329,959.52","100,040.48"
CDC0303003MB,PB-CPHIA,0.00,0.00,0.00,0.00,0.00,0.00,0.00
CDC0303003MB,,0.00,0.00,0.00,0.00,0.00,0.00,0.00
CDC0602010MB,PB-WDB12,0.00,0.00,0.00,0.00,0.00,0.00,0.00
CDC0602010MB,PB-WDB12,0.00,0.00,0.00,0.00,0.00,0.00,0.00
CDC0602010MB,,0.00,0.00,0.00,0.00,0.00,0.00,0.00
CDC0702012MB,PB-GAVI01,0.00,0.00,0.00,0.00,0.00,0.00,0.00
CDC0702012MB,PB-GAVI01,0.00,0.00,0.00,0.00,0.00,0.00,0.00
CDC0702012MB,,0.00,0.00,0.00,0.00,0.00,0.00,0.00
CDC1002012MB,PB-STBF01,"253,906.00","253,906.00","253,906.00",0.00,0.00,0.00,0.00
CDC1002012MB,,"253,906.00","253,906.00","253,906.00",0.00,0.00,0.00,"253,906.00"
CDC1002013MB,PB-WDB12,"162,000.00",0.00,0.00,0.00,0.00,0.00,0.00
CDC1002013MB,,"162,000.00",0.00,0.00,0.00,0.00,0.00,0.00
CDC100202MB,PB-WDB12,0.00,0.00,0.00,0.00,0.00,0.00,0.00
CDC100202MB,,0.00,0.00,0.00,0.00,0.00,0.00,0.00
CDC100202MB,PB-WDF01,"189,700.00",0.00,0.00,0.00,0.00,0.00,0.00
CDC100202MB,,"189,700.00",0.00,0.00,0.00,0.00,0.00,0.00
CDC100203MB,PB-STBF01,"1,092,488.00","1,092,488.00","1,092,488.00",0.00,0.00,0.00,0.00
CDC100203MB,PB-STBF01,0.00,0.00,0.00,0.00,"1,200.00","1,200.00",0.00
CDC100203MB,PB-STBF01,0.00,0.00,0.00,"151,993.82",0.00,"151,993.82",0.00
CDC100203MB,PB-STBF01,0.00,0.00,0.00,0.00,"11,268.86","11,268.86",0.00
CDC100203MB,PB-STBF01,0.00,0.00,0.00,"54,139.00",0.00,"54,139.00",0.00
CDC100203MB,PB-STBF01,0.00,0.00,0.00,0.00,"30,445.00","30,445.00",0.00
CDC100203MB,PB-STBF01,0.00,0.00,0.00,"58,741.74",0.00,"58,741.74",0.00
CDC100203MB,PB-STBF01,0.00,0.00,0.00,0.00,"2,503.00","2,503.00",0.00
CDC100203MB,PB-STBF01,0.00,0.00,0.00,0.00,175.00,175.00,0.00
CDC100203MB,PB-STBF01,0.00,0.00,0.00,0.00,"2,016.00","2,016.00",0.00
CDC100203MB,PB-STBF01,0.00,0.00,0.00,"2,435.63",0.00,"2,435.63",0.00
CDC100203MB,,"1,092,488.00","1,092,488.00","1,092,488.00","267,310.19","47,607.86","314,918.05","777,569.95"
CDC100203MB,PB-WDF01,0.00,0.00,0.00,0.00,0.00,0.00,0.00
CDC100203MB,,0.00,0.00,0.00,0.00,0.00,0.00,0.00
CDC100204MB,PB-SBT01,"142,488.00","142,488.00","142,488.00",0.00,0.00,0.00,0.00
CDC100204MB,,"142,488.00","142,488.00","142,488.00",0.00,0.00,0.00,"142,488.00"
CDC100205MB,PB-WDB12,"316,710.00","316,710.00","316,710.00",0.00,0.00,0.00,0.00
CDC100205MB,,"316,710.00","316,710.00","316,710.00",0.00,0.00,0.00,"316,710.00"
CDC100206MB,PB-STBF01,"244,900.00","244,900.00","244,900.00",0.00,0.00,0.00,0.00
CDC100206MB,,"244,900.00","244,900.00","244,900.00",0.00,0.00,0.00,"244,900.00"
CDC100206MB,PB-WDB12,0.00,0.00,0.00,0.00,0.00,0.00,0.00
CDC100206MB,,0.00,0.00,0.00,0.00,0.00,0.00,0.00
CDC100207MB,PB-STBF01,"190,000.00","190,000.00","190,000.00",0.00,0.00,0.00,0.00
CDC100207MB,,"190,000.00","190,000.00","190,000.00",0.00,0.00,0.00,"190,000.00"
CDC100207MB,PB-WDB12,0.00,0.00,0.00,0.00,0.00,0.00,0.00
CDC100207MB,,0.00,0.00,0.00,0.00,0.00,0.00,0.00
CDC100208MB,PB-WDB12,"134,060.00","134,060.00","134,060.00",0.00,0.00,0.00,0.00
CDC100208MB,,"134,060.00","134,060.00","134,060.00",0.00,0.00,0.00,"134,060.00"
CDC100209MB,PB-WDB12,"274,800.00","274,800.00","274,800.00",0.00,0.00,0.00,0.00
CDC100209MB,,"274,800.00","274,800.00","274,800.00",0.00,0.00,0.00,"274,800.00"
CDC100210MB,PB-KOR01,"369,916.00","369,916.00","369,916.00",0.00,0.00,0.00,0.00
CDC100210MB,PB-KOR01,0.00,0.00,0.00,"49,600.00",0.00,"49,600.00",0.00
CDC100210MB,,"369,916.00","369,916.00","369,916.00","49,600.00",0.00,"49,600.00","320,316.00"
CDC100211MB,PB-STBF01,"179,683.00","179,683.00","179,683.00",0.00,0.00,0.00,0.00
CDC100211MB,,"179,683.00","179,683.00","179,683.00",0.00,0.00,0.00,"179,683.00"
CDC100211MB,PB-KOR01,0.00,0.00,0.00,0.00,0.00,0.00,0.00
CDC100211MB,,0.00,0.00,0.00,0.00,0.00,0.00,0.00
CDC100302MB,PB-MST01,"60,000.00","60,000.00","60,000.00",0.00,0.00,0.00,0.00
CDC100302MB,PB-MST01,0.00,0.00,0.00,732.88,0.00,732.88,0.00
CDC100302MB,PB-MST01,0.00,0.00,0.00,"4,734.00",0.00,"4,734.00",0.00
CDC100302MB,,"60,000.00","60,000.00","60,000.00","5,466.88",0.00,"5,466.88","54,533.12"
CDC100303MB,PB-WDB12,"90,000.00","90,000.00","90,000.00",0.00,0.00,0.00,0.00
CDC100303MB,,"90,000.00","90,000.00","90,000.00",0.00,0.00,0.00,"90,000.00"
CDC100304MB,PB-WDB12,"309,688.50","309,688.50","309,688.50",0.00,0.00,0.00,0.00
CDC100304MB,PB-WDB12,0.00,0.00,0.00,"16,168.87",0.00,"16,168.87",0.00
CDC100304MB,PB-WDB12,0.00,0.00,0.00,0.00,"1,116.76","1,116.76",0.00
CDC100304MB,PB-WDB12,0.00,0.00,0.00,"43,278.00",0.00,"43,278.00",0.00
CDC100304MB,,"309,688.50","309,688.50","309,688.50","59,446.87","1,116.76","60,563.63","249,124.87"
CDC100305MB,PB-STBF01,"900,000.00","900,000.00","900,000.00",0.00,0.00,0.00,0.00
CDC100305MB,,"900,000.00","900,000.00","900,000.00",0.00,0.00,0.00,"900,000.00"
CDC100307MB,PB-WDB12,"116,648.00","116,648.00","116,648.00",0.00,0.00,0.00,0.00
CDC100307MB,PB-WDB12,0.00,0.00,0.00,"2,585.30",0.00,"2,585.30",0.00
CDC100307MB,PB-WDB12,0.00,0.00,0.00,"8,227.00",0.00,"8,227.00",0.00
CDC100307MB,PB-WDB12,0.00,0.00,0.00,0.00,627.00,627.00,0.00
CDC100307MB,PB-WDB12,0.00,0.00,0.00,0.00,0.00,0.00,0.00
CDC100307MB,PB-WDB12,0.00,0.00,0.00,"1,529.06",0.00,"1,529.06",0.00
CDC100307MB,PB-WDB12,0.00,0.00,0.00,0.00,24.00,24.00,0.00
CDC100307MB,,"116,648.00","116,648.00","116,648.00","12,341.36",651.00,"12,992.36","103,655.64"
CDC100308MB,PB-WDB12,"220,284.00","220,284.00","220,284.00",0.00,0.00,0.00,0.00
CDC100308MB,,"220,284.00","220,284.00","220,284.00",0.00,0.00,0.00,"220,284.00"
CDC100309MB,PB-WDB12,"189,956.00","189,956.00","189,956.00",0.00,0.00,0.00,0.00
CDC100309MB,,"189,956.00","189,956.00","189,956.00",0.00,0.00,0.00,"189,956.00"
CDC100310MB,PB-WDB12,"100,000.00","100,000.00","100,000.00",0.00,0.00,0.00,0.00
CDC100310MB,,"100,000.00","100,000.00","100,000.00",0.00,0.00,0.00,"100,000.00"
CDC100311MB,PB-WDB12,"1,071,597.50","1,071,597.50","1,071,597.50",0.00,0.00,0.00,0.00
CDC100311MB,,"1,071,597.50","1,071,597.50","1,071,597.50",0.00,0.00,0.00,"1,071,597.50"
CDC100312MB,PB-FCD01,"54,681.00","54,681.00","54,681.00",0.00,0.00,0.00,0.00
CDC100312MB,PB-FCD01,0.00,0.00,0.00,"18,914.43",0.00,"18,914.43",0.00
CDC100312MB,PB-FCD01,0.00,0.00,0.00,"16,608.70",0.00,"16,608.70",0.00
CDC100312MB,,"54,681.00","54,681.00","54,681.00","35,523.13",0.00,"35,523.13","19,157.87"
CDC100313MB,PB-WDB12,"408,038.00","408,038.00","408,038.00",0.00,0.00,0.00,0.00
CDC100313MB,,"408,038.00","408,038.00","408,038.00",0.00,0.00,0.00,"408,038.00"
CDC100314MB,PB-FCD01,"63,145.00","63,145.00","63,145.00",0.00,0.00,0.00,0.00
CDC100314MB,PB-FCD01,0.00,0.00,0.00,"5,000.00",0.00,"5,000.00",0.00
CDC100314MB,,"63,145.00","63,145.00","63,145.00","5,000.00",0.00,"5,000.00","58,145.00"
CDC100315MB,PB-CEPI01,"60,000.00","60,000.00","60,000.00",0.00,0.00,0.00,0.00
CDC100315MB,,"60,000.00","60,000.00","60,000.00",0.00,0.00,0.00,"60,000.00"
CDC100401MB,PB-WDB12,"1,261,600.00","1,261,600.00","1,261,600.00",0.00,0.00,0.00,0.00
CDC100401MB,PB-WDB12,0.00,0.00,0.00,0.00,400.00,400.00,0.00
CDC100401MB,PB-WDB12,0.00,0.00,0.00,0.00,"93,892.13","93,892.13",0.00
CDC100401MB,PB-WDB12,0.00,0.00,0.00,"228,961.53",0.00,"228,961.53",0.00
CDC100401MB,PB-WDB12,0.00,0.00,0.00,"317,084.00","52,236.00","369,320.00",0.00
CDC100401MB,PB-WDB12,0.00,0.00,0.00,0.00,"130,200.00","130,200.00",0.00
CDC100401MB,PB-WDB12,0.00,0.00,0.00,0.00,524.00,524.00,0.00
CDC100401MB,PB-WDB12,0.00,0.00,0.00,0.00,"1,704.00","1,704.00",0.00
CDC100401MB,PB-WDB12,0.00,0.00,0.00,0.00,62.00,62.00,0.00
CDC100401MB,PB-WDB12,0.00,0.00,0.00,"13,782.75",0.00,"13,782.75",0.00
CDC100401MB,PB-WDB12,0.00,0.00,0.00,0.00,238.00,238.00,0.00
CDC100401MB,PB-WDB12,0.00,0.00,0.00,0.00,"1,910.00","1,910.00",0.00
CDC100401MB,,"1,261,600.00","1,261,600.00","1,261,600.00","559,828.28","281,166.13","840,994.41","420,605.59"
CDC100402MB,PB-MST01,0.00,0.00,0.00,0.00,0.00,0.00,0.00
CDC100402MB,,0.00,0.00,0.00,0.00,0.00,0.00,0.00
CDC100402MB,PB-GAVI01,"80,000.00","80,000.00","80,000.00",0.00,0.00,0.00,0.00
CDC100402MB,,"80,000.00","80,000.00","80,000.00",0.00,0.00,0.00,"80,000.00"
CDC100403MB,PB-FCD01,0.00,0.00,0.00,0.00,0.00,0.00,0.00
CDC100403MB,,0.00,0.00,0.00,0.00,0.00,0.00,0.00
CDC100403MB,PB-WDB12,"1,963,080.00","1,963,080.00","1,963,080.00",0.00,0.00,0.00,0.00
CDC100403MB,PB-WDB12,0.00,0.00,0.00,0.00,"21,000.00","21,000.00",0.00
CDC100403MB,PB-WDB12,0.00,0.00,0.00,"9,257.16",0.00,"9,257.16",0.00
CDC100403MB,PB-WDB12,0.00,0.00,0.00,"21,104.00",0.00,"21,104.00",0.00
CDC100403MB,,"1,963,080.00","1,963,080.00","1,963,080.00","30,361.16","21,000.00","51,361.16","1,911,718.84"
CDC100404MB,PB-KOR01,0.00,0.00,0.00,0.00,0.00,0.00,0.00
CDC100404MB,,0.00,0.00,0.00,0.00,0.00,0.00,0.00
CDC100404MB,PB-GAVI01,"351,300.00","351,300.00","351,300.00",0.00,0.00,0.00,0.00
CDC100404MB,,"351,300.00","351,300.00","351,300.00",0.00,0.00,0.00,"351,300.00"
CDC100405MB,PB-ADM03,0.00,0.00,0.00,0.00,0.00,0.00,0.00
CDC100405MB,,0.00,0.00,0.00,0.00,0.00,0.00,0.00
CDC100405MB,PB-CEPI01,"109,138.00","109,138.00","109,138.00",0.00,0.00,0.00,0.00
CDC100405MB,,"109,138.00","109,138.00","109,138.00",0.00,0.00,0.00,"109,138.00"
CDC100406MB,PB-WDB12,"2,015,742.00","2,015,742.00","2,015,742.00",0.00,0.00,0.00,0.00
CDC100406MB,PB-WDB12,0.00,0.00,0.00,0.00,"17,064.61","17,064.61",0.00
CDC100406MB,PB-WDB12,0.00,0.00,0.00,"48,651.88",0.00,"48,651.88",0.00
CDC100406MB,PB-WDB12,0.00,0.00,0.00,"226,736.00",0.00,"226,736.00",0.00
CDC100406MB,PB-WDB12,0.00,0.00,0.00,0.00,"10,735.00","10,735.00",0.00
CDC100406MB,PB-WDB12,0.00,0.00,0.00,0.00,24.00,24.00,0.00
CDC100406MB,,"2,015,742.00","2,015,742.00","2,015,742.00","275,387.88","27,823.61","303,211.49","1,712,530.51"
CDC100407MB,PB-WDB12,"140,329.00","140,329.00","140,329.00",0.00,0.00,0.00,0.00
CDC100407MB,PB-WDB12,0.00,0.00,0.00,"1,000.00",0.00,"1,000.00",0.00
CDC100407MB,,"140,329.00","140,329.00","140,329.00","1,000.00",0.00,"1,000.00","139,329.00"
CDC100408MB,PB-ADB05,"48,018.00","48,018.00","48,018.00",0.00,0.00,0.00,0.00
CDC100408MB,PB-ADB05,0.00,0.00,0.00,"10,383.80",0.00,"10,383.80",0.00
CDC100408MB,PB-ADB05,0.00,0.00,0.00,"4,338.00",0.00,"4,338.00",0.00
CDC100408MB,,"48,018.00","48,018.00","48,018.00","14,721.80",0.00,"14,721.80","33,296.20"
CDC100409MB,PB-FCD01,"60,744.00","60,744.00","60,744.00",0.00,0.00,0.00,0.00
CDC100409MB,,"60,744.00","60,744.00","60,744.00",0.00,0.00,0.00,"60,744.00"
CDC100501MB,PB-MST01,"500,000.00","500,000.00","500,000.00",0.00,0.00,0.00,0.00
CDC100501MB,PB-MST01,0.00,0.00,0.00,0.00,"1,592.30","1,592.30",0.00
CDC100501MB,PB-MST01,0.00,0.00,0.00,"27,624.60",0.00,"27,624.60",0.00
CDC100501MB,PB-MST01,0.00,0.00,0.00,"13,537.00",0.00,"13,537.00",0.00
CDC100501MB,,"500,000.00","500,000.00","500,000.00","41,161.60","1,592.30","42,753.90","457,246.10"
CDC100502MB,PB-WDB12,"1,560,000.00","1,560,000.00","1,560,000.00",0.00,0.00,0.00,0.00
CDC100502MB,,"1,560,000.00","1,560,000.00","1,560,000.00",0.00,0.00,0.00,"1,560,000.00"
CDC100503MB,PB-WDB12,"982,102.50","982,102.50","982,102.50",0.00,0.00,0.00,0.00
CDC100503MB,PB-WDB12,0.00,0.00,0.00,0.00,455.95,455.95,0.00
CDC100503MB,PB-WDB12,0.00,0.00,0.00,"7,588.90",0.00,"7,588.90",0.00
CDC100503MB,PB-WDB12,0.00,0.00,0.00,"8,480.00",0.00,"8,480.00",0.00
CDC100503MB,,"982,102.50","982,102.50","982,102.50","16,068.90",455.95,"16,524.85","965,577.65"
CDC100504MB,PB-MST01,"69,916.00","69,916.00","69,916.00",0.00,0.00,0.00,0.00
CDC100504MB,,"69,916.00","69,916.00","69,916.00",0.00,0.00,0.00,"69,916.00"
CDC100505MB,PB-WDB12,"402,084.00","402,084.00","402,084.00",0.00,0.00,0.00,0.00
CDC100505MB,,"402,084.00","402,084.00","402,084.00",0.00,0.00,0.00,"402,084.00"
CDC100601MB,PB-WDB12,0.00,0.00,0.00,0.00,0.00,0.00,0.00
CDC100601MB,,0.00,0.00,0.00,0.00,0.00,0.00,0.00
CDC100601MB,PB-CEPI01,"757,271.00","757,271.00","757,271.00",0.00,0.00,0.00,0.00
CDC100601MB,,"757,271.00","757,271.00","757,271.00",0.00,0.00,0.00,"757,271.00"
CDC100602MB,PB-WDB12,"559,386.00","559,386.00","559,386.00",0.00,0.00,0.00,0.00
CDC100602MB,PB-WDB12,0.00,0.00,0.00,0.00,"5,647.35","5,647.35",0.00
CDC100602MB,PB-WDB12,0.00,0.00,0.00,"17,119.18",0.00,"17,119.18",0.00
CDC100602MB,,"559,386.00","559,386.00","559,386.00","17,119.18","5,647.35","22,766.53","536,619.47"
CDC100603MB,PB-WDB12,"187,336.00","187,336.00","187,336.00",0.00,0.00,0.00,0.00
CDC100603MB,PB-WDB12,0.00,0.00,0.00,0.00,"1,000.00","1,000.00",0.00
CDC100603MB,PB-WDB12,0.00,0.00,0.00,0.00,"4,500.00","4,500.00",0.00
CDC100603MB,PB-WDB12,0.00,0.00,0.00,"13,105.02",0.00,"13,105.02",0.00
CDC100603MB,PB-WDB12,0.00,0.00,0.00,0.00,"14,656.00","14,656.00",0.00
CDC100603MB,PB-WDB12,0.00,0.00,0.00,0.00,874.00,874.00,0.00
CDC100603MB,PB-WDB12,0.00,0.00,0.00,0.00,432.00,432.00,0.00
CDC100603MB,PB-WDB12,0.00,0.00,0.00,0.00,145.00,145.00,0.00
CDC100603MB,PB-WDB12,0.00,0.00,0.00,0.00,"1,896.00","1,896.00",0.00
CDC100603MB,,"187,336.00","187,336.00","187,336.00","13,105.02","23,503.00","36,608.02","150,727.98"
CDC100604MB,PB-WDB12,0.00,0.00,0.00,0.00,0.00,0.00,0.00
CDC100604MB,,0.00,0.00,0.00,0.00,0.00,0.00,0.00
CDC100604MB,PB-CEPI01,0.00,0.00,0.00,0.00,0.00,0.00,0.00
CDC100604MB,,0.00,0.00,0.00,0.00,0.00,0.00,0.00
CDC100605MB,PB-WDB12,"257,698.00","257,698.00","257,698.00",0.00,0.00,0.00,0.00
CDC100605MB,,"257,698.00","257,698.00","257,698.00",0.00,0.00,0.00,"257,698.00"
CDC100606MB,PB-EUC48,"371,885.00",0.00,0.00,0.00,0.00,0.00,0.00
CDC100606MB,,"371,885.00",0.00,0.00,0.00,0.00,0.00,0.00
CDC100606MB,EU-HERA,"3,128,115.00","3,128,115.00","3,128,115.00",0.00,0.00,0.00,0.00
CDC100606MB,EU-HERA,0.00,0.00,0.00,"16,871.66",0.00,"16,871.66",0.00
CDC100606MB,EU-HERA,0.00,0.00,0.00,0.00,"1,622.80","1,622.80",0.00
CDC100606MB,EU-HERA,0.00,0.00,0.00,"22,501.00",0.00,"22,501.00",0.00
CDC100606MB,EU-HERA,0.00,0.00,0.00,30.00,0.00,30.00,0.00
CDC100606MB,,"3,128,115.00","3,128,115.00","3,128,115.00","39,402.66","1,622.80","41,025.46","3,087,089.54"
CDC100607MB,PB-WDB12,"723,546.00","723,546.00","723,546.00",0.00,0.00,0.00,0.00
CDC100607MB,PB-WDB12,0.00,0.00,0.00,"25,201.45","10,264.32","35,465.77",0.00
CDC100607MB,PB-WDB12,0.00,0.00,0.00,0.00,"6,709.00","6,709.00",0.00
CDC100607MB,PB-WDB12,0.00,0.00,0.00,"11,610.00",0.00,"11,610.00",0.00
CDC100607MB,PB-WDB12,0.00,0.00,0.00,0.00,717.00,717.00,0.00
CDC100607MB,PB-WDB12,0.00,0.00,0.00,0.00,50.00,50.00,0.00
CDC100607MB,PB-WDB12,0.00,0.00,0.00,0.00,312.00,312.00,0.00
CDC100607MB,PB-WDB12,0.00,0.00,0.00,763.20,0.00,763.20,0.00
CDC100607MB,,"723,546.00","723,546.00","723,546.00","37,574.65","18,052.32","55,626.97","667,919.03"
CDC100609MB,PB-WDB12,"1,536,144.00","1,536,144.00","1,536,144.00",0.00,0.00,0.00,0.00
CDC100609MB,PB-WDB12,0.00,0.00,0.00,"28,750.00",0.00,"28,750.00",0.00
CDC100609MB,PB-WDB12,0.00,0.00,0.00,"52,900.00",0.00,"52,900.00",0.00
CDC100609MB,PB-WDB12,0.00,0.00,0.00,0.00,600.00,600.00,0.00
CDC100609MB,PB-WDB12,0.00,0.00,0.00,"387,158.00",0.00,"387,158.00",0.00
CDC100609MB,PB-WDB12,0.00,0.00,0.00,"20,054.86",0.00,"20,054.86",0.00
CDC100609MB,PB-WDB12,0.00,0.00,0.00,0.00,"6,270.00","6,270.00",0.00
CDC100609MB,PB-WDB12,0.00,0.00,0.00,"14,374.43",0.00,"14,374.43",0.00
CDC100609MB,PB-WDB12,0.00,0.00,0.00,0.00,450.00,450.00,0.00
CDC100609MB,PB-WDB12,0.00,0.00,0.00,0.00,14.00,14.00,0.00
CDC100609MB,PB-WDB12,0.00,0.00,0.00,0.00,288.00,288.00,0.00
CDC100609MB,PB-WDB12,0.00,0.00,0.00,612.50,0.00,612.50,0.00
CDC100609MB,PB-WDB12,0.00,0.00,0.00,261.04,0.00,261.04,0.00
CDC100609MB,,"1,536,144.00","1,536,144.00","1,536,144.00","504,110.83","7,622.00","511,732.83","1,024,411.17"
CDC100610MB,PB-CEPI01,"79,373.00","79,373.00","79,373.00",0.00,0.00,0.00,0.00
CDC100610MB,,"79,373.00","79,373.00","79,373.00",0.00,0.00,0.00,"79,373.00"
CDC100611MB,PB-CEPI01,"41,502.00","41,502.00","41,502.00",0.00,0.00,0.00,0.00
CDC100611MB,,"41,502.00","41,502.00","41,502.00",0.00,0.00,0.00,"41,502.00"
CDC100612MB,PB-CEPI01,"83,044.00","83,044.00","83,044.00",0.00,0.00,0.00,0.00
CDC100612MB,,"83,044.00","83,044.00","83,044.00",0.00,0.00,0.00,"83,044.00"
CDC100613MB,PB-CEPI01,"855,384.00","855,384.00","855,384.00",0.00,0.00,0.00,0.00
CDC100613MB,,"855,384.00","855,384.00","855,384.00",0.00,0.00,0.00,"855,384.00"
CDC1007012MB,PB-CEPI01,"229,000.00","229,000.00","229,000.00",0.00,0.00,0.00,0.00
CDC1007012MB,PB-CEPI01,0.00,0.00,0.00,"144,000.00",0.00,"144,000.00",0.00
CDC1007012MB,,"229,000.00","229,000.00","229,000.00","144,000.00",0.00,"144,000.00","85,000.00"
CDC1007013MB,PB-CEPI01,"678,940.00","678,940.00","678,940.00",0.00,0.00,0.00,0.00
CDC1007013MB,,"678,940.00","678,940.00","678,940.00",0.00,0.00,0.00,"678,940.00"
CDC100701MB,PB-ADB09,"1,263,726.00",0.00,0.00,0.00,0.00,0.00,0.00
CDC100701MB,,"1,263,726.00",0.00,0.00,0.00,0.00,0.00,0.00
CDC100701MB,PB-UNITAID,"345,000.00",0.00,0.00,0.00,0.00,0.00,0.00
CDC100701MB,,"345,000.00",0.00,0.00,0.00,0.00,0.00,0.00
CDC100701MB,PB-WDB12,0.00,0.00,0.00,0.00,0.00,0.00,0.00
CDC100701MB,,0.00,0.00,0.00,0.00,0.00,0.00,0.00
CDC100702MB,PB-WDB12,"1,000,000.00","1,000,000.00","1,000,000.00",0.00,0.00,0.00,0.00
CDC100702MB,,"1,000,000.00","1,000,000.00","1,000,000.00",0.00,0.00,0.00,"1,000,000.00"
CDC100703MB,PB-MST01,"60,000.00","60,000.00","60,000.00",0.00,0.00,0.00,0.00
CDC100703MB,PB-MST01,0.00,0.00,0.00,"2,400.00",0.00,"2,400.00",0.00
CDC100703MB,,"60,000.00","60,000.00","60,000.00","2,400.00",0.00,"2,400.00","57,600.00"
CDC100704MB,PB-WDB12,"300,500.00","119,600.00","119,600.00",0.00,0.00,0.00,0.00
CDC100704MB,PB-WDB12,0.00,0.00,0.00,"3,000.00",0.00,"3,000.00",0.00
CDC100704MB,PB-WDB12,0.00,0.00,0.00,0.00,"1,251.30","1,251.30",0.00
CDC100704MB,PB-WDB12,0.00,0.00,0.00,0.00,"2,136.00","2,136.00",0.00
CDC100704MB,PB-WDB12,0.00,0.00,0.00,0.00,48.00,48.00,0.00
CDC100704MB,,"300,500.00","119,600.00","119,600.00","3,000.00","3,435.30","6,435.30","113,164.70"
CDC100705MB,PB-CEPI01,"171,365.00","171,365.00","171,365.00",0.00,0.00,0.00,0.00
CDC100705MB,PB-CEPI01,0.00,0.00,0.00,"112,771.00",0.00,"112,771.00",0.00
CDC100705MB,,"171,365.00","171,365.00","171,365.00","112,771.00",0.00,"112,771.00","58,594.00"
CDC100706MB,PB-CEPI01,"1,340,505.00","1,340,505.00","1,340,505.00",0.00,0.00,0.00,0.00
CDC100706MB,,"1,340,505.00","1,340,505.00","1,340,505.00",0.00,0.00,0.00,"1,340,505.00"
CDC100707MB,PB-WDB12,"249,560.00","249,560.00","249,560.00",0.00,0.00,0.00,0.00
CDC100707MB,,"249,560.00","249,560.00","249,560.00",0.00,0.00,0.00,"249,560.00"
CDC100708MB,PB-STBF01,"60,000.00","60,000.00","60,000.00",0.00,0.00,0.00,0.00
CDC100708MB,,"60,000.00","60,000.00","60,000.00",0.00,0.00,0.00,"60,000.00"
CDC100710MB,PB-GAVI01,"461,524.00","461,524.00","461,524.00",0.00,0.00,0.00,0.00
CDC100710MB,PB-GAVI01,0.00,0.00,0.00,"35,620.94",0.00,"35,620.94",0.00
CDC100710MB,PB-GAVI01,0.00,0.00,0.00,0.00,"9,715.00","9,715.00",0.00
CDC100710MB,PB-GAVI01,0.00,0.00,0.00,"74,200.00",0.00,"74,200.00",0.00
CDC100710MB,PB-GAVI01,0.00,0.00,0.00,0.00,972.00,972.00,0.00
CDC100710MB,,"461,524.00","461,524.00","461,524.00","109,820.94","10,687.00","120,507.94","341,016.06"
CDC100711MB,PB-WDB12,"208,450.00","208,450.00","208,450.00",0.00,0.00,0.00,0.00
CDC100711MB,,"208,450.00","208,450.00","208,450.00",0.00,0.00,0.00,"208,450.00"
CDC100802MB,PB-STBF01,"156,000.00","156,000.00","156,000.00",0.00,0.00,0.00,0.00
CDC100802MB,,"156,000.00","156,000.00","156,000.00",0.00,0.00,0.00,"156,000.00"
CDC100802MB,PB-WDB12,0.00,0.00,0.00,0.00,0.00,0.00,0.00
CDC100802MB,,0.00,0.00,0.00,0.00,0.00,0.00,0.00
CDC100803MB,PB-WDB12,"105,000.00","105,000.00","105,000.00",0.00,0.00,0.00,0.00
CDC100803MB,,"105,000.00","105,000.00","105,000.00",0.00,0.00,0.00,"105,000.00"
CDC100901MB,PB-CEPI01,"678,940.00","300,000.00","300,000.00",0.00,0.00,0.00,0.00
CDC100901MB,PB-CEPI01,0.00,0.00,0.00,0.00,"63,000.00","63,000.00",0.00
CDC100901MB,,"678,940.00","300,000.00","300,000.00",0.00,"63,000.00","63,000.00","237,000.00"
CDC100902MB,PB-WDB12,"614,672.00","614,672.00","614,672.00",0.00,0.00,0.00,0.00
CDC100902MB,,"614,672.00","614,672.00","614,672.00",0.00,0.00,0.00,"614,672.00"
CDC100903MB,PB-WDB12,"2,931,867.00","2,931,867.00","2,931,867.00",0.00,0.00,0.00,0.00
CDC100903MB,PB-WDB12,0.00,0.00,0.00,"37,257.55",0.00,"37,257.55",0.00
CDC100903MB,PB-WDB12,0.00,0.00,0.00,0.00,"20,312.23","20,312.23",0.00
CDC100903MB,PB-WDB12,0.00,0.00,0.00,"25,284.00",0.00,"25,284.00",0.00
CDC100903MB,PB-WDB12,0.00,0.00,0.00,"13,000.00",0.00,"13,000.00",0.00
CDC100903MB,PB-WDB12,0.00,0.00,0.00,0.00,"5,386.32","5,386.32",0.00
CDC100903MB,,"2,931,867.00","2,931,867.00","2,931,867.00","75,541.55","25,698.55","101,240.10","2,830,626.90"
CDC100904MB,PB-STBF01,"237,753.00","237,753.00","237,753.00",0.00,0.00,0.00,0.00
CDC100904MB,,"237,753.00","237,753.00","237,753.00",0.00,0.00,0.00,"237,753.00"
CDC100905MB,PB-MST01,"240,000.00","240,000.00","240,000.00",0.00,0.00,0.00,0.00
CDC100905MB,,"240,000.00","240,000.00","240,000.00",0.00,0.00,0.00,"240,000.00"
CDC100906MB,PB-WDB12,"314,625.00","314,625.00","314,625.00",0.00,0.00,0.00,0.00
CDC100906MB,,"314,625.00","314,625.00","314,625.00",0.00,0.00,0.00,"314,625.00"
CDC100907MB,PB-WDB12,"377,250.00","377,250.00","377,250.00",0.00,0.00,0.00,0.00
CDC100907MB,,"377,250.00","377,250.00","377,250.00",0.00,0.00,0.00,"377,250.00"
CDC101001MB,PB-WDB12,"836,800.00","836,800.00","836,800.00",0.00,0.00,0.00,0.00
CDC101001MB,,"836,800.00","836,800.00","836,800.00",0.00,0.00,0.00,"836,800.00"
CDC101002MB,PB-CEPI01,"659,000.00","659,000.00","659,000.00",0.00,0.00,0.00,0.00
CDC101002MB,PB-CEPI01,0.00,0.00,0.00,"8,721.10",0.00,"8,721.10",0.00
CDC101002MB,PB-CEPI01,0.00,0.00,0.00,"11,656.00",0.00,"11,656.00",0.00
CDC101002MB,,"659,000.00","659,000.00","659,000.00","20,377.10",0.00,"20,377.10","638,622.90"
CDC101003MB,PB-CEPI01,"3,480,400.00","3,480,400.00","3,480,400.00",0.00,0.00,0.00,0.00
CDC101003MB,PB-CEPI01,0.00,0.00,0.00,"12,837.70",0.00,"12,837.70",0.00
CDC101003MB,PB-CEPI01,0.00,0.00,0.00,"23,669.00",0.00,"23,669.00",0.00
CDC101003MB,,"3,480,400.00","3,480,400.00","3,480,400.00","36,506.70",0.00,"36,506.70","3,443,893.30"
CDC101004MB,PB-WDB12,"526,183.00","526,183.00","526,183.00",0.00,0.00,0.00,0.00
CDC101004MB,,"526,183.00","526,183.00","526,183.00",0.00,0.00,0.00,"526,183.00"
CDC101005MB,PB-WDB12,"348,800.00","348,800.00","348,800.00",0.00,0.00,0.00,0.00
CDC101005MB,,"348,800.00","348,800.00","348,800.00",0.00,0.00,0.00,"348,800.00"
CDC101006MB,PB-WDB12,"395,000.00","395,000.00","395,000.00",0.00,0.00,0.00,0.00
CDC101006MB,PB-WDB12,0.00,0.00,0.00,"11,253.23",0.00,"11,253.23",0.00
CDC101006MB,PB-WDB12,0.00,0.00,0.00,0.00,778.90,778.90,0.00
CDC101006MB,PB-WDB12,0.00,0.00,0.00,"17,097.00",0.00,"17,097.00",0.00
CDC101006MB,,"395,000.00","395,000.00","395,000.00","28,350.23",778.90,"29,129.13","365,870.87"
CDC101007MB,PB-WDB12,"415,258.00","415,258.00","415,258.00",0.00,0.00,0.00,0.00
CDC101007MB,PB-WDB12,0.00,0.00,0.00,"36,387.00",0.00,"36,387.00",0.00
CDC101007MB,,"415,258.00","415,258.00","415,258.00","36,387.00",0.00,"36,387.00","378,871.00"
CDC101008MB,PB-SWD01,"81,317.00","81,317.00","81,317.00",0.00,0.00,0.00,0.00
CDC101008MB,PB-SWD01,0.00,0.00,0.00,"11,405.00",0.00,"11,405.00",0.00
CDC101008MB,PB-SWD01,0.00,0.00,0.00,0.00,"4,391.80","4,391.80",0.00
CDC101008MB,PB-SWD01,0.00,0.00,0.00,"19,198.00",0.00,"19,198.00",0.00
CDC101008MB,,"81,317.00","81,317.00","81,317.00","30,603.00","4,391.80","34,994.80","46,322.20"
CDC101101MB,PB-WDB12,"407,515.38","407,515.38","407,515.38",0.00,0.00,0.00,0.00
CDC101101MB,PB-WDB12,0.00,0.00,0.00,"35,000.00",0.00,"35,000.00",0.00
CDC101101MB,,"407,515.38","407,515.38","407,515.38","35,000.00",0.00,"35,000.00","372,515.38"
CDC101102MB,PB-WDB12,"440,300.00","440,300.00","440,300.00",0.00,0.00,0.00,0.00
CDC101102MB,,"440,300.00","440,300.00","440,300.00",0.00,0.00,0.00,"440,300.00"
CDC101103MB,PB-WDB12,"245,122.00","245,122.00","245,122.00",0.00,0.00,0.00,0.00
CDC101103MB,,"245,122.00","245,122.00","245,122.00",0.00,0.00,0.00,"245,122.00"
CDC101104MB,PB-WDB12,"342,444.00","342,444.00","342,444.00",0.00,0.00,0.00,0.00
CDC101104MB,,"342,444.00","342,444.00","342,444.00",0.00,0.00,0.00,"342,444.00"
CDC101105MB,PB-WDB12,"459,240.72","459,240.72","459,240.72",0.00,0.00,0.00,0.00
CDC101105MB,PB-WDB12,0.00,0.00,0.00,"8,919.75",0.00,"8,919.75",0.00
CDC101105MB,PB-WDB12,0.00,0.00,0.00,"16,894.00",0.00,"16,894.00",0.00
CDC101105MB,,"459,240.72","459,240.72","459,240.72","25,813.75",0.00,"25,813.75","433,426.97"
CDC101106MB,PB-WDB12,"324,450.00","324,450.00","324,450.00",0.00,0.00,0.00,0.00
CDC101106MB,,"324,450.00","324,450.00","324,450.00",0.00,0.00,0.00,"324,450.00"
CDC101107MB,PB-WDB12,"379,800.00","379,800.00","379,800.00",0.00,0.00,0.00,0.00
CDC101107MB,PB-WDB12,0.00,0.00,0.00,"41,583.78",0.00,"41,583.78",0.00
CDC101107MB,PB-WDB12,0.00,0.00,0.00,"30,000.00",0.00,"30,000.00",0.00
CDC101107MB,,"379,800.00","379,800.00","379,800.00","71,583.78",0.00,"71,583.78","308,216.22"
CDC101108MB,PB-WDB12,"427,304.00","427,304.00","427,304.00",0.00,0.00,0.00,0.00
CDC101108MB,PB-WDB12,0.00,0.00,0.00,"26,447.02","1,188.36","27,635.38",0.00
CDC101108MB,PB-WDB12,0.00,0.00,0.00,"31,025.00",0.00,"31,025.00",0.00
CDC101108MB,,"427,304.00","427,304.00","427,304.00","57,472.02","1,188.36","58,660.38","368,643.62"
CDC101109MB,PB-WDB12,"366,860.00","366,860.00","366,860.00",0.00,0.00,0.00,0.00
CDC101109MB,PB-WDB12,0.00,0.00,0.00,"3,600.00",0.00,"3,600.00",0.00
CDC101109MB,,"366,860.00","366,860.00","366,860.00","3,600.00",0.00,"3,600.00","363,260.00"
CDC101110MB,PB-WDB12,"447,806.00","447,806.00","447,806.00",0.00,0.00,0.00,0.00
CDC101110MB,PB-WDB12,0.00,0.00,0.00,"22,100.00",0.00,"22,100.00",0.00
CDC101110MB,PB-WDB12,0.00,0.00,0.00,"17,262.00",0.00,"17,262.00",0.00
CDC101110MB,,"447,806.00","447,806.00","447,806.00","39,362.00",0.00,"39,362.00","408,444.00"
CDC101111MB,PB-WDB12,"233,788.00","233,788.00","233,788.00",0.00,0.00,0.00,0.00
CDC101111MB,PB-WDB12,0.00,0.00,0.00,"9,430.14","7,700.34","17,130.48",0.00
CDC101111MB,PB-WDB12,0.00,0.00,0.00,789.00,"4,930.00","5,719.00",0.00
CDC101111MB,PB-WDB12,0.00,0.00,0.00,0.00,161.00,161.00,0.00
CDC101111MB,PB-WDB12,0.00,0.00,0.00,0.00,48.00,48.00,0.00
CDC101111MB,PB-WDB12,0.00,0.00,0.00,0.00,974.00,974.00,0.00
CDC101111MB,,"233,788.00","233,788.00","233,788.00","10,219.14","13,813.34","24,032.48","209,755.52"
CDC101112MB,PB-WDB12,"229,116.00","229,116.00","229,116.00",0.00,0.00,0.00,0.00
CDC101112MB,PB-WDB12,0.00,0.00,0.00,0.00,"3,598.40","3,598.40",0.00
CDC101112MB,PB-WDB12,0.00,0.00,0.00,"1,102.00",566.00,"1,668.00",0.00
CDC101112MB,PB-WDB12,0.00,0.00,0.00,0.00,24.00,24.00,0.00
CDC101112MB,,"229,116.00","229,116.00","229,116.00","1,102.00","4,188.40","5,290.40","223,825.60"
CDC101113MB,PB-WDB12,"369,488.00","369,488.00","369,488.00",0.00,0.00,0.00,0.00
CDC101113MB,,"369,488.00","369,488.00","369,488.00",0.00,0.00,0.00,"369,488.00"
CDC101114MB,PB-WDB12,"577,574.00","577,574.00","577,574.00",0.00,0.00,0.00,0.00
CDC101114MB,PB-WDB12,0.00,0.00,0.00,"12,000.00",0.00,"12,000.00",0.00
CDC101114MB,,"577,574.00","577,574.00","577,574.00","12,000.00",0.00,"12,000.00","565,574.00"
CDC101115MB,PB-WDB12,"342,884.80","342,884.80","342,884.80",0.00,0.00,0.00,0.00
CDC101115MB,PB-WDB12,0.00,0.00,0.00,"2,529.00",0.00,"2,529.00",0.00
CDC101115MB,,"342,884.80","342,884.80","342,884.80","2,529.00",0.00,"2,529.00","340,355.80"
CDC101201MB,PB-WDB12,"699,990.00","699,990.00","699,990.00",0.00,0.00,0.00,0.00
CDC101201MB,PB-WDB12,0.00,0.00,0.00,"49,401.00",0.00,"49,401.00",0.00
CDC101201MB,PB-WDB12,0.00,0.00,0.00,"17,585.73",0.00,"17,585.73",0.00
CDC101201MB,,"699,990.00","699,990.00","699,990.00","66,986.73",0.00,"66,986.73","633,003.27"
CDC101202MB,PB-WDB12,"41,311.00","41,311.00","41,311.00",0.00,0.00,0.00,0.00
CDC101202MB,PB-WDB12,0.00,0.00,0.00,"7,500.00",0.00,"7,500.00",0.00
CDC101202MB,PB-WDB12,0.00,0.00,0.00,"12,046.00",0.00,"12,046.00",0.00
CDC101202MB,,"41,311.00","41,311.00","41,311.00","19,546.00",0.00,"19,546.00","21,765.00"
CDC101202MB,PB-ADM03,0.00,0.00,0.00,0.00,0.00,0.00,0.00
CDC101202MB,,0.00,0.00,0.00,0.00,0.00,0.00,0.00
CDC101203MB,PB-MST01,"335,272.00","335,272.00","335,272.00",0.00,0.00,0.00,0.00
CDC101203MB,PB-MST01,0.00,0.00,0.00,"10,000.00",0.00,"10,000.00",0.00
CDC101203MB,PB-MST01,0.00,0.00,0.00,"84,719.00",0.00,"84,719.00",0.00
CDC101203MB,,"335,272.00","335,272.00","335,272.00","94,719.00",0.00,"94,719.00","240,553.00"
CDC101204MB,PB-STBF01,"590,000.00","590,000.00","590,000.00",0.00,0.00,0.00,0.00
CDC101204MB,PB-STBF01,0.00,0.00,0.00,"15,925.40",0.00,"15,925.40",0.00
CDC101204MB,PB-STBF01,0.00,0.00,0.00,"7,608.00",0.00,"7,608.00",0.00
CDC101204MB,PB-STBF01,0.00,0.00,0.00,"37,860.00",0.00,"37,860.00",0.00
CDC101204MB,,"590,000.00","590,000.00","590,000.00","61,393.40",0.00,"61,393.40","528,606.60"
CDC101204MB,PB-WDB12,"116,140.00",0.00,0.00,0.00,0.00,0.00,0.00
CDC101204MB,,"116,140.00",0.00,0.00,0.00,0.00,0.00,0.00
CDC101205MB,PB-MST01,"200,000.00","200,000.00","200,000.00",0.00,0.00,0.00,0.00
CDC101205MB,PB-MST01,0.00,0.00,0.00,0.00,"8,320.66","8,320.66",0.00
CDC101205MB,PB-MST01,0.00,0.00,0.00,"2,792.70",0.00,"2,792.70",0.00
CDC101205MB,PB-MST01,0.00,0.00,0.00,0.00,"16,132.00","16,132.00",0.00
CDC101205MB,PB-MST01,0.00,0.00,0.00,276.00,0.00,276.00,0.00
CDC101205MB,PB-MST01,0.00,0.00,0.00,"34,466.27",0.00,"34,466.27",0.00
CDC101205MB,PB-MST01,0.00,0.00,0.00,0.00,120.00,120.00,0.00
CDC101205MB,PB-MST01,0.00,0.00,0.00,0.00,168.00,168.00,0.00
CDC101205MB,PB-MST01,0.00,0.00,0.00,"8,100.00",0.00,"8,100.00",0.00
CDC101205MB,PB-MST01,0.00,0.00,0.00,0.00,"16,675.00","16,675.00",0.00
CDC101205MB,,"200,000.00","200,000.00","200,000.00","45,634.97","41,415.66","87,050.63","112,949.37"
CDC101206MB,PB-WDB12,"200,000.00","200,000.00","200,000.00",0.00,0.00,0.00,0.00
CDC101206MB,,"200,000.00","200,000.00","200,000.00",0.00,0.00,0.00,"200,000.00"
CDC101208MB,PB-MST01,"500,000.00","500,000.00","500,000.00",0.00,0.00,0.00,0.00
CDC101208MB,PB-MST01,0.00,0.00,0.00,"3,229.40",0.00,"3,229.40",0.00
CDC101208MB,PB-MST01,0.00,0.00,0.00,0.00,"43,673.84","43,673.84",0.00
CDC101208MB,PB-MST01,0.00,0.00,0.00,"118,824.04",0.00,"118,824.04",0.00
CDC101208MB,PB-MST01,0.00,0.00,0.00,"253,302.87",0.00,"253,302.87",0.00
CDC101208MB,,"500,000.00","500,000.00","500,000.00","375,356.31","43,673.84","419,030.15","80,969.85"
CDC101209MB,PB-WDB12,0.00,0.00,0.00,0.00,0.00,0.00,0.00
CDC101209MB,,0.00,0.00,0.00,0.00,0.00,0.00,0.00
CDC101210MB,PB-ADM03,0.00,0.00,0.00,0.00,0.00,0.00,0.00
CDC101210MB,,0.00,0.00,0.00,0.00,0.00,0.00,0.00
CDC101210MB,PB-FCD01,"341,120.00","341,120.00","341,120.00",0.00,0.00,0.00,0.00
CDC101210MB,PB-FCD01,0.00,0.00,0.00,0.00,"1,680.00","1,680.00",0.00
CDC101210MB,PB-FCD01,0.00,0.00,0.00,"9,041.34",0.00,"9,041.34",0.00
CDC101210MB,,"341,120.00","341,120.00","341,120.00","9,041.34","1,680.00","10,721.34","330,398.66"
CDC101211MB,PB-MST01,"100,000.00","100,000.00","100,000.00",0.00,0.00,0.00,0.00
CDC101211MB,PB-MST01,0.00,0.00,0.00,"69,440.98",0.00,"69,440.98",0.00
CDC101211MB,PB-MST01,0.00,0.00,0.00,0.00,"22,543.66","22,543.66",0.00
CDC101211MB,,"100,000.00","100,000.00","100,000.00","69,440.98","22,543.66","91,984.64","8,015.36"
CDC101211MB,PB-WDB12,"578,174.00","100,000.00","100,000.00",0.00,0.00,0.00,0.00
CDC101211MB,PB-WDB12,0.00,0.00,0.00,"15,000.00",0.00,"15,000.00",0.00
CDC101211MB,PB-WDB12,0.00,0.00,0.00,"50,714.62",0.00,"50,714.62",0.00
CDC101211MB,,"578,174.00","100,000.00","100,000.00","65,714.62",0.00,"65,714.62","34,285.38"
CDC101212MB,PB-MST01,"200,000.00","200,000.00","200,000.00",0.00,0.00,0.00,0.00
CDC101212MB,PB-MST01,0.00,0.00,0.00,"2,306.26",0.00,"2,306.26",0.00
CDC101212MB,PB-MST01,0.00,0.00,0.00,"10,907.00",0.00,"10,907.00",0.00
CDC101212MB,PB-MST01,0.00,0.00,0.00,"7,232.00",0.00,"7,232.00",0.00
CDC101212MB,,"200,000.00","200,000.00","200,000.00","20,445.26",0.00,"20,445.26","179,554.74"
CDC101213MB,PB-WDB12,"300,000.00","300,000.00","300,000.00",0.00,0.00,0.00,0.00
CDC101213MB,,"300,000.00","300,000.00","300,000.00",0.00,0.00,0.00,"300,000.00"
CDC101214MB,PB-ADM03,"123,450.00",0.00,0.00,0.00,0.00,0.00,0.00
CDC101214MB,,"123,450.00",0.00,0.00,0.00,0.00,0.00,0.00
CDC101215MB,PB-WDB12,"356,104.00","356,104.00","356,104.00",0.00,0.00,0.00,0.00
CDC101215MB,PB-WDB12,0.00,0.00,0.00,"27,531.00",0.00,"27,531.00",0.00
CDC101215MB,PB-WDB12,0.00,0.00,0.00,0.00,"19,470.62","19,470.62",0.00
CDC101215MB,,"356,104.00","356,104.00","356,104.00","27,531.00","19,470.62","47,001.62","309,102.38"
CDC101216MB,PB-WDB12,"200,442.40","200,442.40","200,442.40",0.00,0.00,0.00,0.00
CDC101216MB,PB-WDB12,0.00,0.00,0.00,"8,100.00",0.00,"8,100.00",0.00
CDC101216MB,,"200,442.40","200,442.40","200,442.40","8,100.00",0.00,"8,100.00","192,342.40"
CDC101218MB,PB-WDB12,"5,682,000.00","3,000,000.00","3,000,000.00",0.00,0.00,0.00,0.00
CDC101218MB,PB-WDB12,0.00,0.00,0.00,0.00,"948,059.35","948,059.35",0.00
CDC101218MB,PB-WDB12,0.00,0.00,0.00,0.00,"3,135.00","3,135.00",0.00
CDC101218MB,PB-WDB12,0.00,0.00,0.00,0.00,"96,497.73","96,497.73",0.00
CDC101218MB,PB-WDB12,0.00,0.00,0.00,0.00,"15,000.00","15,000.00",0.00
CDC101218MB,PB-WDB12,0.00,0.00,0.00,0.00,"1,143.70","1,143.70",0.00
CDC101218MB,PB-WDB12,0.00,0.00,0.00,650.95,0.00,650.95,0.00
CDC101218MB,PB-WDB12,0.00,0.00,0.00,0.00,200.00,200.00,0.00
CDC101218MB,,"5,682,000.00","3,000,000.00","3,000,000.00",650.95,"1,064,035.78","1,064,686.73","1,935,313.27"
CDC101219MB,PB-UNI02,"2,428,800.00","100,000.00","100,000.00",0.00,0.00,0.00,0.00
CDC101219MB,PB-UNI02,0.00,0.00,0.00,0.00,"29,607.64","29,607.64",0.00
CDC101219MB,PB-UNI02,0.00,0.00,0.00,0.00,"2,289.88","2,289.88",0.00
CDC101219MB,,"2,428,800.00","100,000.00","100,000.00",0.00,"31,897.52","31,897.52","68,102.48"
CDC101220MB,PB-GAVI01,"2,000,000.00","300,000.00","300,000.00",0.00,0.00,0.00,0.00
CDC101220MB,PB-GAVI01,0.00,0.00,0.00,0.00,"131,056.78","131,056.78",0.00
CDC101220MB,PB-GAVI01,0.00,0.00,0.00,0.00,"13,042.07","13,042.07",0.00
CDC101220MB,PB-GAVI01,0.00,0.00,0.00,0.00,33.00,33.00,0.00
CDC101220MB,,"2,000,000.00","300,000.00","300,000.00",0.00,"144,131.85","144,131.85","155,868.15"
CDC101221MB,PB-CEPI01,"950,000.00","300,000.00","300,000.00",0.00,0.00,0.00,0.00
CDC101221MB,PB-CEPI01,0.00,0.00,0.00,0.00,"45,199.98","45,199.98",0.00
CDC101221MB,PB-CEPI01,0.00,0.00,0.00,0.00,"4,537.78","4,537.78",0.00
CDC101221MB,,"950,000.00","300,000.00","300,000.00",0.00,"49,737.76","49,737.76","250,262.24"
CDC101222MB,PB-ECDC01,"600,000.00","200,000.00","200,000.00",0.00,0.00,0.00,0.00
CDC101222MB,PB-ECDC01,0.00,0.00,0.00,0.00,"99,987.00","99,987.00",0.00
CDC101222MB,PB-ECDC01,0.00,0.00,0.00,0.00,"8,646.96","8,646.96",0.00
CDC101222MB,,"600,000.00","200,000.00","200,000.00",0.00,"108,633.96","108,633.96","91,366.04"
CDC101223MB,PB-KOR01,0.00,0.00,0.00,0.00,0.00,0.00,0.00
CDC101223MB,,0.00,0.00,0.00,0.00,0.00,0.00,0.00
CDC101223MB,EU-HERA,"300,000.00","150,000.00","150,000.00",0.00,0.00,0.00,0.00
CDC101223MB,EU-HERA,0.00,0.00,0.00,0.00,"73,566.43","73,566.43",0.00
CDC101223MB,EU-HERA,0.00,0.00,0.00,0.00,817.29,817.29,0.00
CDC101223MB,,"300,000.00","150,000.00","150,000.00",0.00,"74,383.72","74,383.72","75,616.28"
CDC101224MB,PB-WDF01,"94,000.00",0.00,0.00,0.00,0.00,0.00,0.00
CDC101224MB,,"94,000.00",0.00,0.00,0.00,0.00,0.00,0.00
CDC101225MB,PB-WDB12,"100,000.00","100,000.00","100,000.00",0.00,0.00,0.00,0.00
CDC101225MB,,"100,000.00","100,000.00","100,000.00",0.00,0.00,0.00,"100,000.00"
CDC101226MB,PB-STBF01,"379,700.00","379,700.00","379,700.00",0.00,0.00,0.00,0.00
CDC101226MB,PB-STBF01,0.00,0.00,0.00,"60,000.00",0.00,"60,000.00",0.00
CDC101226MB,PB-STBF01,0.00,0.00,0.00,671.00,0.00,671.00,0.00
CDC101226MB,,"379,700.00","379,700.00","379,700.00","60,671.00",0.00,"60,671.00","319,029.00"
CDC101226MB,PB-GAVI01,0.00,0.00,0.00,0.00,0.00,0.00,0.00
CDC101226MB,,0.00,0.00,0.00,0.00,0.00,0.00,0.00
CDC101227MB,PB-MST01,"111,962.00","111,962.00","111,962.00",0.00,0.00,0.00,0.00
CDC101227MB,PB-MST01,0.00,0.00,0.00,0.00,"5,000.00","5,000.00",0.00
CDC101227MB,PB-MST01,0.00,0.00,0.00,"8,758.46",0.00,"8,758.46",0.00
CDC101227MB,PB-MST01,0.00,0.00,0.00,0.00,"8,223.00","8,223.00",0.00
CDC101227MB,PB-MST01,0.00,0.00,0.00,0.00,800.00,800.00,0.00
CDC101227MB,PB-MST01,0.00,0.00,0.00,0.00,120.00,120.00,0.00
CDC101227MB,PB-MST01,0.00,0.00,0.00,"17,200.00",0.00,"17,200.00",0.00
CDC101227MB,,"111,962.00","111,962.00","111,962.00","25,958.46","14,143.00","40,101.46","71,860.54"
CDC101228MB,PB-WDB12,"200,000.00","200,000.00","200,000.00",0.00,0.00,0.00,0.00
CDC101228MB,PB-WDB12,0.00,0.00,0.00,"15,098.48",0.00,"15,098.48",0.00
CDC101228MB,PB-WDB12,0.00,0.00,0.00,"9,325.00",0.00,"9,325.00",0.00
CDC101228MB,PB-WDB12,0.00,0.00,0.00,"14,880.00",0.00,"14,880.00",0.00
CDC101228MB,,"200,000.00","200,000.00","200,000.00","39,303.48",0.00,"39,303.48","160,696.52"
CDC101229MB,PB-WDB12,"100,000.00","100,000.00","100,000.00",0.00,0.00,0.00,0.00
CDC101229MB,,"100,000.00","100,000.00","100,000.00",0.00,0.00,0.00,"100,000.00"
CDC101230MB,PB-WDB12,"200,000.00","200,000.00","200,000.00",0.00,0.00,0.00,0.00
CDC101230MB,PB-WDB12,0.00,0.00,0.00,"1,505.90",0.00,"1,505.90",0.00
CDC101230MB,,"200,000.00","200,000.00","200,000.00","1,505.90",0.00,"1,505.90","198,494.10"
CDC101231MB,PB-UNI02,"179,521.00",0.00,0.00,0.00,0.00,0.00,0.00
CDC101231MB,,"179,521.00",0.00,0.00,0.00,0.00,0.00,0.00
CDC101232MB,PB-ADM03,"905,038.00","450,000.00","450,000.00",0.00,0.00,0.00,0.00
CDC101232MB,PB-ADM03,0.00,0.00,0.00,"159,622.00",0.00,"159,622.00",0.00
CDC101232MB,PB-ADM03,0.00,0.00,0.00,0.00,"58,422.00","58,422.00",0.00
CDC101232MB,PB-ADM03,0.00,0.00,0.00,"99,380.18",0.00,"99,380.18",0.00
CDC101232MB,PB-ADM03,0.00,0.00,0.00,0.00,"11,555.06","11,555.06",0.00
CDC101232MB,PB-ADM03,0.00,0.00,0.00,"61,750.00",0.00,"61,750.00",0.00
CDC101232MB,,"905,038.00","450,000.00","450,000.00","320,752.18","69,977.06","390,729.24","59,270.76"
CDC101233MB,,"710,000.00","710,000.00","710,000.00","710,000.00",0.00,"710,000.00",0.00
CDC101234MB,,"500,000.00","500,000.00","500,000.00",0.00,0.00,0.00,"500,000.00"
CDC101235MB,,"50,000.00","50,000.00","50,000.00",0.00,0.00,0.00,"50,000.00"
CDC101236MB,,"500,000.00","500,000.00","500,000.00",0.00,0.00,0.00,"500,000.00"
CDC101237MB,PB-WDB12,"140,000.00","140,000.00","140,000.00",0.00,0.00,0.00,0.00
CDC101237MB,,"140,000.00","140,000.00","140,000.00",0.00,0.00,0.00,"140,000.00"
CDC101238MB,PB-MST01,"50,000.00","50,000.00","50,000.00",0.00,0.00,0.00,0.00
CDC101238MB,PB-MST01,0.00,0.00,0.00,0.00,"2,298.40","2,298.40",0.00
CDC101238MB,,"50,000.00","50,000.00","50,000.00",0.00,"2,298.40","2,298.40","47,701.60"
CDC101239MB,,"250,000.00","50,000.00","50,000.00","10,591.80","2,704.00","13,295.80","36,704.20"
CDC101240MB,PB-FCD01,"1,000,000.00","1,000,000.00","1,000,000.00",0.00,0.00,0.00,0.00
CDC101240MB,,"1,000,000.00","1,000,000.00","1,000,000.00",0.00,0.00,0.00,"1,000,000.00"
CDC101241MB,PB-STBF01,"2,500,000.00","2,500,000.00","2,500,000.00",0.00,0.00,0.00,0.00
CDC101241MB,,"2,500,000.00","2,500,000.00","2,500,000.00",0.00,0.00,0.00,"2,500,000.00"
CDC101242MB,PB-WDB12,"158,338.00","158,338.00","158,338.00",0.00,0.00,0.00,0.00
CDC101242MB,,"158,338.00","158,338.00","158,338.00",0.00,0.00,0.00,"158,338.00"
CDC101243MB,PB-ADB05,"73,129.00","73,129.00","73,129.00",0.00,0.00,0.00,0.00
CDC101243MB,PB-ADB05,0.00,0.00,0.00,149.00,0.00,149.00,0.00
CDC101243MB,,"73,129.00","73,129.00","73,129.00",149.00,0.00,149.00,"72,980.00"
CDC101244MB,PB-ADB05,"120,479.00","120,479.00","120,479.00",0.00,0.00,0.00,0.00
CDC101244MB,PB-ADB05,0.00,0.00,0.00,"2,163.60",0.00,"2,163.60",0.00
CDC101244MB,PB-ADB05,0.00,0.00,0.00,"3,783.00",0.00,"3,783.00",0.00
CDC101244MB,,"120,479.00","120,479.00","120,479.00","5,946.60",0.00,"5,946.60","114,532.40"
CDC101301MB,PB-FCD01,"188,025.00","188,025.00","188,025.00",0.00,0.00,0.00,0.00
CDC101301MB,,"188,025.00","188,025.00","188,025.00",0.00,0.00,0.00,"188,025.00"
CDC101302MB,PB-FCD01,"144,600.00","144,600.00","144,600.00",0.00,0.00,0.00,0.00
CDC101302MB,,"144,600.00","144,600.00","144,600.00",0.00,0.00,0.00,"144,600.00"
CDC101303MB,PB-FCD01,"197,700.00","197,700.00","197,700.00",0.00,0.00,0.00,0.00
CDC101303MB,PB-FCD01,0.00,0.00,0.00,"1,802.70",0.00,"1,802.70",0.00
CDC101303MB,PB-FCD01,0.00,0.00,0.00,"4,702.00",0.00,"4,702.00",0.00
CDC101303MB,,"197,700.00","197,700.00","197,700.00","6,504.70",0.00,"6,504.70","191,195.30"
CDC101304MB,PB-FCD01,"176,400.00","176,400.00","176,400.00",0.00,0.00,0.00,0.00
CDC101304MB,,"176,400.00","176,400.00","176,400.00",0.00,0.00,0.00,"176,400.00"
CDC101305MB,PB-FCD01,"106,700.00","106,700.00","106,700.00",0.00,0.00,0.00,0.00
CDC101305MB,PB-FCD01,0.00,0.00,0.00,"16,556.98",0.00,"16,556.98",0.00
CDC101305MB,PB-FCD01,0.00,0.00,0.00,"11,630.43",0.00,"11,630.43",0.00
CDC101305MB,,"106,700.00","106,700.00","106,700.00","28,187.41",0.00,"28,187.41","78,512.59"
CDC101401MB,PB-WDB12,"100,000.00","100,000.00","100,000.00",0.00,0.00,0.00,0.00
CDC101401MB,,"100,000.00","100,000.00","100,000.00",0.00,0.00,0.00,"100,000.00"
CDC101402MB,PB-WDB12,"328,500.00","328,500.00","328,500.00",0.00,0.00,0.00,0.00
CDC101402MB,,"328,500.00","328,500.00","328,500.00",0.00,0.00,0.00,"328,500.00"
CDC101403MB,PB-WDB12,"213,815.00","213,815.00","213,815.00",0.00,0.00,0.00,0.00
CDC101403MB,PB-WDB12,0.00,0.00,0.00,"21,000.00",0.00,"21,000.00",0.00
CDC101403MB,,"213,815.00","213,815.00","213,815.00","21,000.00",0.00,"21,000.00","192,815.00"
,,"76,781,264.80","64,331,990.80","64,331,990.80","5,001,507.54","2,525,339.44","7,526,846.98","56,805,143.82"